{
  "ExternalFunctions": [
    {
      "Name": "Unity.Collections.LowLevel.Unsafe.AtomicSafetyHandle::CheckReadAndThrowNoEarlyOut_Injected",
      "FullName": "Unity.Collections.LowLevel.Unsafe.AtomicSafetyHandle.CheckReadAndThrowNoEarlyOut_Injected(ref Unity.Collections.LowLevel.Unsafe.AtomicSafetyHandle handle) -> void_aef4d46f9ec6d18a03913cfa3cd76414"
    },
    {
      "Name": "Unity.Collections.LowLevel.Unsafe.AtomicSafetyHandle::CheckWriteAndThrowNoEarlyOut_Injected",
      "FullName": "Unity.Collections.LowLevel.Unsafe.AtomicSafetyHandle.CheckWriteAndThrowNoEarlyOut_Injected(ref Unity.Collections.LowLevel.Unsafe.AtomicSafetyHandle handle) -> void_aef4d46f9ec6d18a03913cfa3cd76414"
    },
    {
      "Name": "burst_abort",
      "FullName": "unused.burst_abort(System.String errorId, System.String message) -> void"
    }
  ]
}